Folder,id,time,success,problem,number of objects,number of variables,algorithm choice,phase list,phase strategy,first phase rate,population size,maximum number of function evaluations,igd,gd,hv,time cost
20231205205326_1160,20231205205326_1160,,,dtlz5,5,5,2,,,0.5,30,70,0.05249100726524645,0.0433778653149745,0.013601048113462917,83.53890323638916
20231213225250_wdpov,20231213225250_wdpov,2023-12-13 22:52:55,False,dtlz7,3,3,4,1,rate with one time change when fails,0.5,15,50,0.7230237026087313,10.254536621890063,0.34094456579038257,63.80880355834961
20231213173625_yjp4p,20231213173625_yjp4p,2023-12-13 17:36:28,True,dtlz1,2,3,0,0,rate with continuous change when fails,0.8,11,250,0.019100600855598417,0.003225078482882149,0.22712063980563232,976.433718919754
20231213235510_y1sv4,20231213235510_y1sv4,2023-12-13 23:55:13,True,dtlz2,3,5,4,1,rate with one time change when fails,0.4,15,250,0.12699122209984554,0.05299714159259012,0.6270080792574415,1264.7339022159576
20231213163112_2n9j2,20231213163112_2n9j2,2023-12-13 16:31:15,True,dtlz1,2,3,0,0,rate with one time change when fails,0.6,11,250,0.01290906867384605,0.0024299626050808196,0.22978601337907828,999.2577292919159
20231213222431_tqt0j,20231213222431_tqt0j,2023-12-13 22:24:34,True,dtlz1,2,3,4,0,rate with one time change when fails,0.4,11,250,0.010072521700586961,0.0030063994387395654,0.23077594610166247,802.6078650951385
20231213000724_1800,20231213000724_1800,2023-12-13 00:07:27,True,dtlz7,3,3,0,0,rate with one time change when fails,0.5,15,50,0.3301177615158218,0.07368005609753134,0.6188021840176945,93.16044402122498
20231130120556,20231130120556,,,dtlz1,2,3,0,,,,,250,0.00833087128239413,0.002319556070956814,0.23151689285318053,889.008113861084
20231206025040_27071,20231206025040_27071,,,dtlz4,2,2,3,,,0.5,11,250,0.016516179097813343,0.004098705435695574,0.4048766130736179,1236.8117163181305
20231213132407_swds6,20231213132407_swds6,2023-12-13 13:24:09,True,dtlz1,2,2,4,1,rate with continuous change when fails,0.6,11,250,0.014142013768906326,0.012143366890375479,0.22895552198974112,1111.520825624466
20231205172009_16528,20231205172009_16528,,,dtlz3,3,3,2,,,0.5,15,50,1.536724172241956,32.487243068231535,0.0,113.46200466156006
20231206052449_26813,20231206052449_26813,,,dtlz5,3,3,2,,,0.5,15,250,0.021250472457878547,0.004509733096596325,0.14430212114387558,1130.676637172699
20231206031125_18532,20231206031125_18532,,,dtlz4,2,2,2,,,0.5,11,250,0.012025103628396785,0.0046529249199006315,0.4083869934586267,1397.0891642570496
20231203194817_22961,20231203194817_22961,,,dtlz7,3,5,2,,,0.75,15,300,0.43424832398625707,0.005858508993976781,0.5197364032850698,2162.729735136032
20231130205629_8127,20231130205629_8127,,,dtlz7,3,5,0,,,,,250,0.40549045402614226,0.008540182669804905,0.6757488198504403,2120.1403794288635
20231205171325_9889,20231205171325_9889,,,dtlz6,2,2,2,,,0.5,11,50,0.32525513075925516,0.3125132755062103,0.0,118.40687775611877
20231206120910_20734,20231206120910_20734,,,dtlz7,3,3,3,,,0.5,15,250,0.3652584429304549,0.005816914404668582,0.750348442384885,1832.9159698486328
20231130144039,20231130144039,,,dtlz1,3,2,0,,,,,250,0.03462218458227973,0.013772230810621098,0.1903411936011372,783.679502248764
20231214010618_26197,20231214010618_26197,2023-12-14 01:06:20,True,dtlz7,3,3,0,0,rate with one time change when fails,0.5,15,50,0.41974688788689096,0.026525218772452466,0.5398734600363606,103.54799938201904
20231201001306_13614,20231201001306_13614,,,dtlz7,3,5,1,,,,,250,0.6999760540330098,0.15584485415357233,0.40110478169571784,380.6444275379181
20231213204057_3ko2u,20231213204057_3ko2u,2023-12-13 20:41:00,True,dtlz1,2,3,0,1,rate with one time change when fails,0.8,11,250,0.011666761801032084,0.0029659126720045785,0.22987848488839038,1113.6373345851898
20231212131433_11936,20231212131433_11936,2023-12-12 13:14:36,True,dtlz7,3,3,4,0,no change,0.5,15,50,0.41350783422796833,2.8430328239403004,0.47964937640249206,103.28603720664978
20231213172015_vhxlh,20231213172015_vhxlh,2023-12-13 17:20:18,True,dtlz1,2,3,0,0,rate with one time change when fails,0.8,11,250,0.03896867569836018,0.0021543078268615543,0.22049419906600254,961.4933383464813
20231205172524_745,20231205172524_745,,,dtlz6,3,3,2,,,0.5,15,50,0.7151086488632952,0.740994093217481,0.0,98.36483764648438
20231213220802_bkyne,20231213220802_bkyne,2023-12-13 22:08:05,True,dtlz1,2,3,4,0,continuous change when fails,0.2,11,250,0.17413705456521456,0.005928092240768151,0.16885507465538552,980.63121342659
20231206173454_3096,20231206173454_3096,,,dtlz7,3,3,3,,,0.6,15,300,0.12367204934565092,0.011056975883147697,0.9667527640338731,1271.7633082866669
20231213070858_skfi7,20231213070858_skfi7,2023-12-13 07:09:01,True,dtlz1,2,2,0,1,rate with continuous change when fails,0.8,11,250,0.006690036138360337,0.002112333541091811,0.23226880623018575,991.5904457569122
20231130115148,20231130115148,,,dtlz1,2,2,2,,,,,250,0.006690922141550308,0.001842620892051896,0.23236422777313337,839.3942909240723
20231201171408_11607,20231201171408_11607,,,dtlz7,3,3,2,,,,15,300,0.09589047168654571,0.021740914583395044,1.0657232441710591,1432.931334733963
20231213120610_1kwao,20231213120610_1kwao,2023-12-13 12:06:13,True,dtlz1,2,2,4,1,rate with one time change when fails,0.4,11,250,0.014620545850303172,0.002251251747629038,0.22924834637311922,1212.0891947746277
20231213185537_ce56r,20231213185537_ce56r,2023-12-13 18:55:41,True,dtlz1,2,3,0,1,rate with one time change when fails,0.4,11,250,0.009081736028696875,0.002310628508717756,0.23135576406180094,1124.536220550537
20231214012335_sw06v,20231214012335_sw06v,2023-12-14 01:23:37,True,dtlz7,3,3,4,0,rate with one time change when fails,0.5,15,50,0.24203186521061254,0.2798214727289239,0.5959977303455022,79.11889147758484
20231206011048_21537,20231206011048_21537,,,dtlz2,3,3,2,,,0.5,15,250,0.09101930370070903,0.04446698207440011,0.690197821174909,1288.700844526291
20231213115050_xe0z1,20231213115050_xe0z1,2023-12-13 11:50:52,True,dtlz1,2,2,4,1,continuous change when fails,0.2,11,250,0.17990337861056946,0.0025130557528971025,0.16915853455101962,911.5851910114288
20231214003546_him9u,20231214003546_him9u,2023-12-14 00:35:49,True,dtlz7,3,3,0,0,rate with one time change when fails,0.5,15,50,0.44539117093979996,0.09134004977952549,0.45814025385079005,85.52608561515808
20231214135438_keor2,20231214135438_keor2,2023-12-14 13:54:40,False,dtlz7,3,3,4,"0 (['local', 'global'])",rate with one time change when fails,0.8,15,250,0.4822487359612857,0.03817057776874022,0.4271640481199662,1062.5235953330994
20231213023730_zggmj,20231213023730_zggmj,2023-12-13 02:37:32,True,dtlz1,2,2,0,0,rate with continuous change when fails,0.4,11,250,0.011629315762847783,0.002064681552622218,0.23037714590625308,933.050909280777
20231204174149_9591,20231204174149_9591,,,dtlz1,2,2,2,,,0.5,11,300,0.009928252586350697,0.0019414485702857896,0.23107794158097372,1329.7067110538483
20231213101843_5sc1z,20231213101843_5sc1z,2023-12-13 10:18:46,True,dtlz1,2,2,4,0,rate with one time change when fails,0.8,11,250,0.03610779121701562,0.003988408500958638,0.2210358797860844,960.9034101963043
20231214000029_s2n3n,20231214000029_s2n3n,2023-12-14 00:00:31,False,dtlz7,3,3,4,1,rate with one time change when fails,0.5,15,50,0.6419380144153741,5.520650574092531,0.251742848360111,47.57795596122742
20231213154311_48b54,20231213154311_48b54,2023-12-13 15:43:14,True,dtlz1,2,3,0,0,rate with one time change when fails,0.4,11,250,0.012045160714405596,0.00327073745152476,0.2302199282099101,1037.0793538093567
20231213141950_z29gj,20231213141950_z29gj,2023-12-13 14:19:52,True,dtlz1,2,2,4,1,rate with continuous change when fails,0.8,11,250,0.00911749205818578,0.0029012880508608933,0.23148146851039392,923.6891143321991
20231201111205_1297,20231201111205_1297,,,dtlz7,3,3,2,,,,,300,0.10696643998194195,0.007074577591312137,0.9864297845272663,1345.261943101883
20231213211642_p5ilr,20231213211642_p5ilr,2023-12-13 21:16:46,True,dtlz1,2,3,0,1,continuous change when fails,0.8,11,250,0.06402079526442643,0.0020582772795982784,0.21168737842413776,1054.5778121948242
20231206154724_17068,20231206154724_17068,,,dtlz7,3,3,3,,,0.2,15,300,0.4230827876182427,0.009190555507026967,0.6806058347366588,1476.7350144386292
20231213092742_37q2r,20231213092742_37q2r,2023-12-13 09:27:44,True,dtlz1,2,2,4,0,rate with one time change when fails,0.6,11,250,0.015162051111525512,0.0017523948978046113,0.22912032730457396,1038.5838344097137
20231130152518,20231130152518,,,dtlz1,3,5,0,,,,,250,0.12408867125254999,0.04977019923324835,0.17220888462551465,926.923716545105
20231214010941_54rcz,20231214010941_54rcz,2023-12-14 01:09:43,True,dtlz2,3,5,4,1,rate with one time change when fails,0.6,15,250,0.1139769926996638,0.04860321311898762,0.6383240502039816,1414.6458806991577
20231206163651_9748,20231206163651_9748,,,dtlz7,3,3,3,,,0.4,15,300,0.11916283824763525,0.015723777983866215,0.981894729428035,1159.9071581363678
20231214102502_r1wll,20231214102502_r1wll,2023-12-14 10:25:06,False,dtlz3,2,2,4,1,continuous change when fails,0.2,11,250,0.7331365253838423,0.007555560398319591,0.11001032437435401,413.5360379219055
20231201165543_27157,20231201165543_27157,,,dtlz7,3,3,2,,,,15,300,0.360058812780126,0.006623199973090038,0.8767216521641924,1076.2501225471497
20231201121125_10758,20231201121125_10758,,,dtlz7,3,3,2,,,,,300,0.3934857306615394,0.01036760653695704,0.7023042961948314,1233.3524179458618
20231214131004_4xpaj,20231214131004_4xpaj,2023-12-14 13:10:07,True,dtlz7,3,3,4,"0 (['local', 'global'])",rate with one time change when fails,0.6,15,250,0.6464516133653514,0.0008323050362514252,0.44606664935624357,1345.8303837776184
20231203214212_27308,20231203214212_27308,,,dtlz7,3,5,2,,,0.75,15,300,0.6705938642666286,0.020259305442908243,0.44150944913481893,1865.862898349762
20231206152113_6790,20231206152113_6790,,,dtlz7,3,3,3,,,0.1,15,300,0.30872641895310104,0.0046619185658751585,0.6558818580661555,1543.8544189929962
20231213145600_klsx5,20231213145600_klsx5,2023-12-13 14:56:03,True,dtlz1,2,3,0,0,rate with one time change when fails,0.2,11,250,0.01359088891235378,0.01775872663578763,0.22951345082059935,990.4342215061188
20231213013252_jxtms,20231213013252_jxtms,2023-12-13 01:32:55,True,dtlz7,3,3,4,1,rate with one time change when fails,0.5,15,50,0.5725900883921781,0.1368582705509763,0.21372627254993343,18.745402097702026
20231203202439_21676,20231203202439_21676,,,dtlz7,3,5,2,,,1.0,15,300,0.6217049614325131,0.0249122652119342,0.5229814876477477,491.5804672241211
20231214005509_ns68m,20231214005509_ns68m,2023-12-14 00:55:12,True,dtlz7,3,3,0,0,rate with one time change when fails,0.5,15,50,0.6991785635544189,4.68562396511563,0.17504284254124478,14.688890933990479
20231130150909,20231130150909,,,dtlz1,3,3,2,,,,,250,0.07882727492202596,0.011853447331071063,0.18056643084060292,959.0220079421997
20231205221650_24397,20231205221650_24397,,,dtlz1,2,2,3,,,0.5,11,250,0.025890559540595902,0.0018995774607755967,0.22474833500341196,1254.8211081027985
20231206033450_14058,20231206033450_14058,,,dtlz4,3,3,3,,,0.5,15,250,0.5371481853006133,0.028095156695956275,0.43066467220710547,1488.933568239212
20231213231256_843xx,20231213231256_843xx,2023-12-13 23:12:59,True,dtlz1,2,3,4,0,rate with one time change when fails,0.6,11,250,0.013521599993717508,0.002159579373455012,0.2294621186035663,1078.860577583313
20231214114207_xfh31,20231214114207_xfh31,2023-12-14 11:42:10,True,dtlz7,3,3,4,"0 (['local', 'global'])",rate with one time change when fails,0.1,15,250,0.10868520637077181,0.012661113173037359,0.9864428046345219,1435.0572078227997
20231213143522_qs2l7,20231213143522_qs2l7,2023-12-13 14:35:24,True,dtlz1,2,2,4,1,continuous change when fails,0.8,11,250,0.2510432107227607,0.003122128007045513,0.1438710498388846,1230.315000295639
20231213180846_66y6m,20231213180846_66y6m,2023-12-13 18:08:49,True,dtlz1,2,3,0,1,rate with one time change when fails,0.2,11,250,0.023573884305994785,0.011211500032477912,0.22544870239517958,814.2362117767334
20231213111306_fjaqy,20231213111306_fjaqy,2023-12-13 11:13:09,True,dtlz1,2,2,4,1,rate with one time change when fails,0.2,11,250,0.12952283989877286,0.004533740824466395,0.18524185764656548,1189.211606502533
20231212145717_20821,20231212145717_20821,2023-12-12 14:57:21,False,dtlz7,3,3,4,0,no change,0.5,15,50,0.5931576110108944,7.40674194749254,0.13345339181049745,58.77184844017029
20231203141820_20746,20231203141820_20746,,,dtlz7,3,3,2,,,0.0,15,300,0.33011239284639554,0.005519509241465256,0.7806306314987395,910.6899292469025
20231206013225_31078,20231206013225_31078,,,dtlz3,2,2,3,,,0.5,11,250,0.2766520139521318,5.771543147502811,0.2419175891278016,965.2931606769562
20231201113700_24809,20231201113700_24809,,,dtlz7,3,3,2,,,,,300,0.23307436034575987,0.01559272058683676,0.7758315908283289,1866.2789323329926
20231203143417_25509,20231203143417_25509,,,dtlz7,3,3,2,,,0.25,15,300,0.2666057095289139,0.012514368378576435,0.7076445250041327,1525.6343457698822
20231205204237_19964,20231205204237_19964,,,dtlz1,5,5,2,,,0.5,30,70,0.44947585870128537,0.258948324100473,0.04885108211061606,121.07028007507324
20231213051757_k9nbf,20231213051757_k9nbf,2023-12-13 05:18:00,True,dtlz1,2,2,0,1,continuous change when fails,0.2,11,250,0.006698289250456977,0.0021720132190298372,0.232428342342375,928.873449087143
20231206123959_27400,20231206123959_27400,,,dtlz7,3,3,2,,,0.5,15,250,0.12428527351329342,0.01339496911936323,0.887280025290511,978.3882734775543
20231206100745_23143,20231206100745_23143,,,dtlz6,2,2,2,,,0.5,11,250,0.10026839609024646,0.09705299190355583,0.2535610062226144,1522.0794668197632
20231214001117_0pzuz,20231214001117_0pzuz,2023-12-14 00:11:19,True,dtlz7,3,3,0,0,rate with one time change when fails,0.5,15,50,0.15099347291443105,0.041399213377799185,0.7125534243423911,127.70648670196533
20231203153023_29846,20231203153023_29846,,,dtlz7,3,3,2,,,1.0,15,300,0.35671513551894835,0.011327719184215436,0.7722248254660856,2964.5603103637695
20231206105659_11484,20231206105659_11484,,,dtlz6,3,3,2,,,0.5,15,250,0.35895000291354434,0.298259573431813,0.00614162234087327,1345.3021640777588
20231214120622_0946w,20231214120622_0946w,2023-12-14 12:06:25,True,dtlz7,3,3,4,"0 (['local', 'global'])",rate with one time change when fails,0.2,15,250,0.5284095796115463,0.016850192667647566,0.5847274611316744,871.6974530220032
20231213032439_x6dfm,20231213032439_x6dfm,2023-12-13 03:24:42,True,dtlz1,2,2,0,0,rate with continuous change when fails,0.6,11,250,0.0060919879621835656,0.002234496255024663,0.2325178148890974,974.783605337143
20231213013120_wosdl,20231213013120_wosdl,2023-12-13 01:31:22,True,dtlz7,3,3,4,0,rate with one time change when fails,0.5,15,50,0.2967614943656214,0.02613933322802716,0.5960591977832869,87.09870266914368
20231214010956_haqnl,20231214010956_haqnl,2023-12-14 01:09:59,False,dtlz7,3,3,4,0,rate with one time change when fails,0.5,15,50,0.5307980665217037,0.02254722877000686,0.4962943710369826,110.00530529022217
20231213124710_z16ri,20231213124710_z16ri,2023-12-13 12:47:12,True,dtlz1,2,2,4,1,continuous change when fails,0.4,11,250,0.11179724273060179,0.9457264522168042,0.1924371959836286,1015.1793739795685
20231203192957_9463,20231203192957_9463,,,dtlz7,3,5,2,,,0.5,15,300,0.6277555306242845,0.011944454449284587,0.47132813347062913,1084.9541199207306
20231213042820_rk73b,20231213042820_rk73b,2023-12-13 04:28:23,True,dtlz1,2,2,0,0,continuous change when fails,0.8,11,250,0.004846177769736272,0.0018907434779232117,0.2330096605891465,973.6208820343018
20231213075619_6u8ru,20231213075619_6u8ru,2023-12-13 07:56:21,True,dtlz1,2,2,4,0,rate with continuous change when fails,0.2,11,250,0.13727597425837154,0.01195217523486672,0.18859782216352583,931.9133038520813
20231206150650_19391,20231206150650_19391,,,dtlz7,3,3,3,,,0.0,15,300,0.35059098110827075,0.01930480641962046,0.7156695258357846,844.1122236251831
20231130204956_19263,20231130204956_19263,,,dtlz7,3,3,2,,,,,250,0.35377592200270697,0.010882437658389199,0.7683177370043862,373.6717245578766
20231214122108_xi3bu,20231214122108_xi3bu,2023-12-14 12:21:11,True,dtlz7,3,3,4,"0 (['local', 'global'])",rate with one time change when fails,0.3,15,250,0.28698066482375306,0.0064503272929580845,0.7179347127315915,1122.3325276374817
20231213065409_wcbce,20231213065409_wcbce,2023-12-13 06:54:11,True,dtlz1,2,2,0,1,rate with one time change when fails,0.8,11,250,0.014521921966499974,0.0035176749118005514,0.22962886983837769,880.7655599117279
20231213034103_lucve,20231213034103_lucve,2023-12-13 03:41:05,True,dtlz1,2,2,0,0,continuous change when fails,0.6,11,250,0.006155511901145149,0.002114344726910633,0.23255187486432616,946.4918134212494
20231203204333_11205,20231203204333_11205,,,dtlz7,3,5,2,,,0.25,15,300,0.6638275161026143,0.011006439488935928,0.4352649800109129,1635.8551642894745
20231204180412_23518,20231204180412_23518,,,dtlz2,2,2,2,,,0.5,11,300,0.007967603110166366,0.0036350512895094436,0.4153917009118357,1355.9330999851227
20231214003903_kw24m,20231214003903_kw24m,2023-12-14 00:39:06,True,dtlz7,3,3,4,1,rate with one time change when fails,0.5,15,50,0.4534792667386837,0.4034522908218921,0.4292471097171908,84.6521303653717
20231205225303_13734,20231205225303_13734,,,dtlz1,2,2,3,,,0.5,11,250,0.013525313074330504,0.0019599469100252567,0.2297378329421658,1214.6646311283112
20231201031803_24038,20231201031803_24038,,,dtlz7,3,3,1,,,,,300,0.31885139474811813,0.020424331308303713,0.9315516475687026,290.91089367866516
20231214141230_50wma,20231214141230_50wma,2023-12-14 14:12:33,True,dtlz7,3,3,4,"0 (['local', 'global'])",rate with one time change when fails,0.9,15,250,0.4737209682270714,0.00603969201419291,0.6842019743100712,1324.2549867630005
20231207111825_27867,20231207111825_27867,,,dtlz7,3,3,3,,,0.8,15,300,0.1298048702119812,0.016948986497898194,0.9221465655642046,1266.1306130886078
20231201022739_17420,20231201022739_17420,,,dtlz7,3,3,0,,,,,300,0.10742178470736674,0.018804584961486313,0.9398027454515513,1378.8439638614655
20231206114533_17024,20231206114533_17024,,,dtlz7,2,2,2,,,0.5,11,250,0.020103416294871147,6.089566945477373e-05,0.725606743477428,1399.1811215877533
20231214004212_t2vhp,20231214004212_t2vhp,2023-12-14 00:42:15,True,dtlz2,3,5,4,1,continuous change when fails,0.4,15,250,0.21319451574488818,0.09148886019866725,0.43721368755413353,1639.802844285965
20231130224837_2804,20231130224837_2804,,,dtlz7,3,10,0,,,,,500,0.7374495100386561,0.019222714881581494,0.33204248982528,1897.2942340373993
20231214003717_lhtxq,20231214003717_lhtxq,2023-12-14 00:37:20,True,dtlz7,3,3,0,1,rate with one time change when fails,0.5,15,50,0.7162561815787531,3.7837910320775525,0.2598524569276698,14.329267263412476
20231213151244_auul2,20231213151244_auul2,2023-12-13 15:12:47,True,dtlz1,2,3,0,0,rate with continuous change when fails,0.2,11,250,0.02989072103312619,0.007413015584437519,0.2240702590586914,847.7340569496155
20231214011646_ha3d2,20231214011646_ha3d2,2023-12-14 01:16:49,True,dtlz7,3,3,4,0,rate with one time change when fails,0.5,15,50,0.3690282871293942,2.5039373570945838,0.637893133320898,84.91254329681396
20231213175250_vmu2k,20231213175250_vmu2k,2023-12-13 17:52:53,True,dtlz1,2,3,0,0,continuous change when fails,0.8,11,250,0.02310938425620771,0.003910978977606507,0.22533387000494778,947.3056774139404
20231213020551_1z002,20231213020551_1z002,2023-12-13 02:05:53,True,dtlz1,2,2,0,0,continuous change when fails,0.2,11,250,0.006935869768765121,0.0019301917165836832,0.23221400648873763,934.6421689987183
20231130110438,,,,dtlz1,2,2,0,,,,,250,0.006960280841584026,0.002086762725371579,0.23219671313595144,893.9122478961945
20231214013513_weooz,20231214013513_weooz,2023-12-14 01:35:16,True,dtlz7,3,3,4,0,rate with one time change when fails,0.5,15,50,0.4814505046358645,0.0360081126192609,0.4888192395325774,77.27992463111877
20231201123519_8936,20231201123519_8936,,,dtlz7,3,3,2,,,,15,300,0.11087690787875486,0.023099668446128294,0.9707864604254044,1359.0939507484436
20231205170900_3681,20231205170900_3681,,,dtlz5,2,2,2,,,0.5,11,50,0.03200176217110131,0.00482170547254864,0.38587348461303633,162.83760619163513
20231130191925_29376,20231130191925_29376,,,dtlz7,3,3,0,,,,,250,0.3786901652719229,0.008044158962217156,0.6225685281421509,2440.4442706108093
20231213055010_fwo0i,20231213055010_fwo0i,2023-12-13 05:50:13,True,dtlz1,2,2,0,1,rate with continuous change when fails,0.4,11,250,0.37818763251436044,0.06784942953853516,0.09149714410048387,103.60503649711609
20231203221338_1818,20231203221338_1818,,,dtlz7,3,5,2,,,1.0,15,300,0.7177001826220271,0.019816983569972493,0.3979916984236781,1969.4347743988037
20231205171825_5550,20231205171825_5550,,,dtlz2,3,3,2,,,0.5,15,50,0.12285856599762394,0.06072564558535928,0.6095225295374629,99.04712677001953
20231213055158_ssuc1,20231213055158_ssuc1,2023-12-13 05:52:01,True,dtlz1,2,2,0,1,continuous change when fails,0.4,11,250,0.009510765352647907,0.0019366692745404301,0.2312754093701439,861.4235920906067
20231212152948_5253,20231212152948_5253,2023-12-12 15:29:50,True,dtlz7,3,3,4,0,rate with one time change when fails,0.5,15,50,0.24447402816135794,1.7041252203854467,0.7795530047521232,91.37397170066833
20231130213824_27218,20231130213824_27218,,,dtlz7,3,10,0,,,,,500,0.7568744943476916,0.11855223675926631,0.28594294704334633,4166.6001987457275
20231213225836_9x1o5,20231213225836_9x1o5,2023-12-13 22:58:40,True,dtlz7,3,3,0,1,rate with one time change when fails,0.5,15,50,0.4923663628224779,6.141757636286814,0.2773812943106927,79.03872871398926
20231212125205_14279,20231212125205_14279,2023-12-12 12:52:10,,dtlz7,3,3,4,0,no change,0.5,15,50,0.47103908518272997,0.10628006039543432,0.36812342526051145,51.82237195968628
20231214001530_6zxn0,20231214001530_6zxn0,2023-12-14 00:15:32,True,dtlz7,3,3,4,1,rate with one time change when fails,0.5,15,50,0.5293154542104934,0.06520719862400624,0.16973530485246116,27.557859659194946
20231213205941_zf99b,20231213205941_zf99b,2023-12-13 20:59:45,True,dtlz1,2,3,0,1,rate with continuous change when fails,0.8,11,250,0.013211430997804752,0.035365150943270376,0.22853146132915123,1004.0655059814453
20231206044300_14805,20231206044300_14805,,,dtlz5,2,2,2,,,0.5,11,250,0.007118110145831585,0.00040677883960238534,0.4161297536127777,1331.8081777095795
20231213225803_1x0uc,20231213225803_1x0uc,2023-12-13 22:58:08,True,dtlz7,3,3,0,0,rate with one time change when fails,0.5,15,50,0.612952566709581,4.528783023207172,0.2856906695148321,23.927706480026245
20231201125824_10595,20231201125824_10595,,,dtlz7,3,3,2,,,,15,300,0.28193864605617636,0.007676152397890271,0.5941320124511416,1439.437965631485
20231213025311_p1frm,20231213025311_p1frm,2023-12-13 02:53:13,True,dtlz1,2,2,0,0,continuous change when fails,0.4,11,250,0.005808282291418834,0.0018092440851898146,0.23256825161062977,911.0823669433594
20231204182659_14591,20231204182659_14591,,,dtlz3,2,2,2,,,0.5,11,300,1.33324072516776,8.774365749490212,0.0,1150.044062614441
20231130155544,20231130155544,,,dtlz1,3,10,0,,,,,500,0.3311007656959338,0.2155360226376416,0.1118985198578342,2943.192353963852
20231213060629_mub6s,20231213060629_mub6s,2023-12-13 06:06:31,True,dtlz1,2,2,0,1,rate with one time change when fails,0.6,11,250,0.006070730647599002,0.0023614548413581726,0.2325960056121476,945.1298654079437
20231214010807_skpn0,20231214010807_skpn0,2023-12-14 01:08:09,True,dtlz7,3,3,0,1,rate with one time change when fails,0.5,15,50,0.24097025189594512,4.525850551505904,0.675245850834999,104.13637828826904
20231205205054_23550,20231205205054_23550,,,dtlz4,5,5,2,,,0.5,30,70,0.6703050769571812,0.031063393823836688,0.4949765610476413,141.57375168800354
20231213012930_gtaab,20231213012930_gtaab,2023-12-13 01:29:32,True,dtlz7,3,3,0,1,rate with one time change when fails,0.5,15,50,0.39456596668689486,1.8582644351984903,0.366531165120903,104.66164374351501
20231213215130_zcdoc,20231213215130_zcdoc,2023-12-13 21:51:32,True,dtlz1,2,3,4,0,rate with continuous change when fails,0.2,11,250,0.025698084580451874,0.008990024370996717,0.22439004679296978,983.92951130867
20231214112110_frin5,20231214112110_frin5,2023-12-14 11:21:12,True,dtlz4,2,3,4,"0 (['local', 'global'])",continuous change when fails,0.2,11,250,0.44239656051915593,0.11938980517258868,0.11888728491478984,584.3036451339722
20231213235745_lxr96,20231213235745_lxr96,2023-12-13 23:57:48,True,dtlz7,3,3,0,1,rate with one time change when fails,0.5,15,50,0.2839847199204855,1.1090614188408827,0.4691502950930617,110.52184724807739
20231214014811_u5zun,20231214014811_u5zun,2023-12-14 01:48:13,True,dtlz3,2,2,4,1,rate with continuous change when fails,0.2,11,250,9.511804303186551,24.514915613473114,0.0,31002.182950496674
20231213160037_4x52k,20231213160037_4x52k,2023-12-13 16:00:40,True,dtlz1,2,3,0,0,rate with continuous change when fails,0.4,11,250,0.009748976560207042,0.0025614348855755777,0.23106057397424648,906.0066950321198
20231214133247_a2oe9,20231214133247_a2oe9,2023-12-14 13:32:49,True,dtlz7,3,3,4,"0 (['local', 'global'])",rate with one time change when fails,0.7,15,250,0.1557595440057382,0.021616109121839006,0.8168253920965307,1293.7687656879425
20231213213434_2lwa0,20231213213434_2lwa0,2023-12-13 21:34:38,True,dtlz1,2,3,4,0,rate with one time change when fails,0.2,11,250,0.01075030970136367,0.0034464550014427636,0.23015222282487396,1005.9563684463501
20231214124006_xiw46,20231214124006_xiw46,2023-12-14 12:40:08,False,dtlz7,3,3,4,"0 (['local', 'global'])",rate with one time change when fails,0.4,15,250,0.5061219804590923,0.032491965522440054,0.4525845468555193,716.6013035774231
20231213012829_nuasd,20231213012829_nuasd,2023-12-13 01:28:31,True,dtlz7,3,3,0,0,rate with one time change when fails,0.5,15,50,0.43704090097872467,3.568597019038878,0.4474321255467937,55.60532903671265
20231201012837_24,20231201012837_24,,,dtlz7,3,3,2,,,,,300,0.4198830474894368,0.0089527861700348,0.5917137334138329,1916.7182400226593
20231214125213_vhwod,20231214125213_vhwod,2023-12-14 12:52:15,True,dtlz7,3,3,4,"0 (['local', 'global'])",rate with one time change when fails,0.5,15,250,0.11259962301410872,0.04137394554292228,1.0173231846419424,1051.817456483841
20231203211105_17920,20231203211105_17920,,,dtlz7,3,5,2,,,0.5,15,300,0.7533234141264212,0.012935315743761422,0.33496603213165765,1848.056955575943
20231201032302_14779,20231201032302_14779,,,dtlz7,3,3,2,,,,,300,0.42604773901451154,0.0070658817803184604,0.6258776938532836,1954.4410996437073
20231206111937_15773,20231206111937_15773,,,dtlz7,2,2,3,,,0.5,11,250,0.033006842045324246,0.001288937701693091,0.6978731131696054,1542.17449092865
20231213183824_qs3lp,20231213183824_qs3lp,2023-12-13 18:38:27,True,dtlz1,2,3,0,1,continuous change when fails,0.2,11,250,0.01049919810306738,0.002726657438725988,0.2307883404795593,1023.1386213302612
20231201000802_19918,20231201000802_19918,,,dtlz7,3,5,0,,,,,250,0.585271040276746,1.5351963067951369,0.46615565049869495,290.4310562610626
20231205205500_21131,20231205205500_21131,,,dtlz6,5,5,2,,,0.5,30,70,0.9379229900471256,0.8907795906260879,0.0,119.2737684249878
20231205204758_2632,20231205204758_2632,,,dtlz3,5,5,2,,,0.5,30,70,1.777502489285443,55.71193219663664,0.0,166.4440677165985
20231203180832_6464,20231203180832_6464,,,dtlz7,3,3,2,,,1.0,15,300,0.09855107776970386,0.012239833196183398,1.0785149833835885,1214.8289806842804
20231213224857_uqt8g,20231213224857_uqt8g,2023-12-13 22:49:01,True,dtlz7,3,3,0,0,rate with one time change when fails,0.5,15,50,0.3602225862483038,2.2723606327071306,0.5095496598737752,161.59062385559082
20231203170353_7012,20231203170353_7012,,,dtlz7,3,3,2,,,0.25,15,300,0.12164193529854507,0.016760684959619774,0.9957025154243752,1683.9350380897522
20231213152701_q0idc,20231213152701_q0idc,2023-12-13 15:27:03,True,dtlz1,2,3,0,0,continuous change when fails,0.2,11,250,0.013211406502109781,0.014043031598729471,0.2275743426222192,961.7818102836609
20231213223804_i9797,20231213223804_i9797,2023-12-13 22:38:07,True,dtlz1,2,3,4,0,rate with continuous change when fails,0.4,11,250,0.09168918470432502,0.0030156209229256965,0.20078837054033913,992.3381383419037
20231213225214_7lqdj,20231213225214_7lqdj,2023-12-13 22:52:18,True,dtlz7,3,3,4,0,rate with one time change when fails,0.5,15,50,0.5768560005595088,0.04679400807013576,0.3951153107075719,27.945770263671875
20231213170415_76uq9,20231213170415_76uq9,2023-12-13 17:04:17,True,dtlz1,2,3,0,0,continuous change when fails,0.6,11,250,0.01985645860847242,0.0020343648682749726,0.2276363339031418,951.7215521335602
20231206004946_28940,20231206004946_28940,,,dtlz2,3,3,3,,,0.5,15,250,0.07756693844420985,0.03532379410415636,0.711015863138016,1254.136253118515
20231206165636_23381,20231206165636_23381,,,dtlz7,3,3,3,,,0.5,15,300,0.28331732466490095,0.008243400479048065,0.7752010762095074,2276.734703540802
20231206023243_14562,20231206023243_14562,,,dtlz3,3,3,2,,,0.5,15,250,0.22820676329354117,0.032460195360351406,0.5518066696549926,1068.8413183689117
20231213200837_ire99,20231213200837_ire99,2023-12-13 20:08:39,True,dtlz1,2,3,0,1,rate with continuous change when fails,0.6,11,250,0.028281375380906443,0.0022059542192229167,0.22388427415837986,881.7839860916138
20231213072538_vzoua,20231213072538_vzoua,2023-12-13 07:25:41,True,dtlz1,2,2,0,1,continuous change when fails,0.8,11,250,0.0055842753495017085,0.0019854290967512554,0.23282506308915535,979.6867160797119
20231203162014_30745,20231203162014_30745,,,dtlz7,3,3,2,,,0.0,15,300,0.37679555881030524,0.011870299676809337,0.7247848047564737,2597.0558788776398
20231213030831_z0gd8,20231213030831_z0gd8,2023-12-13 03:08:33,True,dtlz1,2,2,0,0,rate with one time change when fails,0.6,11,250,0.005974866057294101,0.002098105187536452,0.2325424041469437,959.8888380527496
20231213230003_9x4cj,20231213230003_9x4cj,2023-12-13 23:00:08,False,dtlz7,3,3,4,0,rate with one time change when fails,0.5,15,50,0.5836728436487215,0.06620052624934417,0.41201996298975646,82.81623792648315
20231206014839_21602,20231206014839_21602,,,dtlz3,2,2,2,,,0.5,11,250,4.204664877529132,19.37447279136044,0.0,1366.2057032585144
20231213182229_13j9k,20231213182229_13j9k,2023-12-13 18:22:32,True,dtlz1,2,3,0,1,rate with continuous change when fails,0.2,11,250,0.03219114142127053,0.0037050273949057397,0.22257551107287643,940.0889296531677
20231206050530_5616,20231206050530_5616,,,dtlz5,3,3,3,,,0.5,15,250,0.021476852944218364,0.005701363964005977,0.1436617531895506,1140.4127173423767
20231205171646_11998,20231205171646_11998,,,dtlz1,3,3,2,,,0.5,15,50,0.20589011432908716,0.030686508858166484,0.14656800234314757,94.40721440315247
20231213083257_mgb0r,20231213083257_mgb0r,2023-12-13 08:32:59,True,dtlz1,2,2,4,0,rate with one time change when fails,0.4,11,250,0.017450249652560784,0.0022256207309085973,0.22785623538933464,1013.9580857753754
20231201025243_10580,20231201025243_10580,,,dtlz7,3,3,0,,,,,300,0.07791258001252857,0.014837234797563577,1.0431383636741105,1495.9339845180511
20231214013503_uqian,20231214013503_uqian,2023-12-14 01:35:06,True,dtlz3,2,2,4,1,rate with one time change when fails,0.2,11,250,1.4892508355778242,2.4951986864217512,0.0,776.7583646774292
20231213235941_fn3rl,20231213235941_fn3rl,2023-12-13 23:59:44,False,dtlz7,3,3,4,0,rate with one time change when fails,0.5,15,50,0.7618674455315428,4.658382607076287,0.1373331332244913,42.20269203186035
20231213035657_c5khe,20231213035657_c5khe,2023-12-13 03:57:00,True,dtlz1,2,2,0,0,rate with one time change when fails,0.8,11,250,0.008151902196151091,0.002888492680541562,0.23152327291190894,936.4631679058075
20231213105328_niqdq,20231213105328_niqdq,2023-12-13 10:53:31,True,dtlz1,2,2,4,0,continuous change when fails,0.8,11,250,0.3221160267760471,0.00239681598446421,0.14378390402540825,1169.283017873764
20231206021134_343,20231206021134_343,,,dtlz3,3,3,3,,,0.5,15,250,1.4903422398664758,16.137050165395177,0.0,1259.6248579025269
20231130145400,20231130145400,,,dtlz1,3,3,0,,,,,250,0.06510003708766453,0.015455471558316594,0.18578564784708124,900.0707452297211
20231213074206_ye8z4,20231213074206_ye8z4,2023-12-13 07:42:09,True,dtlz1,2,2,4,0,rate with one time change when fails,0.2,11,250,0.009451769207275262,0.002044793101510373,0.23123718555091408,844.0746138095856
20231213063819_lnv1e,20231213063819_lnv1e,2023-12-13 06:38:21,True,dtlz1,2,2,0,1,continuous change when fails,0.6,11,250,0.005981975172634563,0.0018735417039387277,0.2326467453825508,941.3603835105896
20231203182918_15164,20231203182918_15164,,,dtlz7,3,5,2,,,0.0,15,300,0.7669096138997772,0.001784484825576345,0.3112640196394282,2036.2386229038239
20231203150008_19781,20231203150008_19781,,,dtlz7,3,3,2,,,0.5,15,300,0.10939384425283873,0.012539720633468476,0.9430278925210203,1174.1222529411316
20231213230135_6nqag,20231213230135_6nqag,2023-12-13 23:01:39,True,dtlz7,3,3,4,1,rate with one time change when fails,0.5,15,50,0.3419688294400752,3.9397124850545024,0.5379833294846121,127.14887166023254
20231205172711_8037,20231205172711_8037,,,dtlz7,3,3,2,,,0.5,15,50,0.40176424543982825,7.398281867125855,0.41234479356577425,84.17913484573364
20231130213202_27513,20231130213202_27513,,,dtlz7,3,5,1,,,,,250,0.668437121652293,0.05880968329421867,0.39806776275740535,369.9081165790558
20231213095915_xf0sz,20231213095915_xf0sz,2023-12-13 09:59:17,True,dtlz1,2,2,4,0,continuous change when fails,0.6,11,250,0.13747305213209998,0.0042124014643877845,0.184031355612956,1159.5194792747498
20231206161224_24782,20231206161224_24782,,,dtlz7,3,3,3,,,0.3,15,300,0.25488905619107444,0.017752380154070248,0.8398231966816473,1446.5852200984955
20231203174905_10259,20231203174905_10259,,,dtlz7,3,3,2,,,0.75,15,300,0.3457533565863584,0.007857415061993736,0.6430288590689849,1137.8067388534546
20231206042624_432,20231206042624_432,,,dtlz5,2,2,3,,,0.5,11,250,0.016692248590550483,0.0022385168104701717,0.41050412970339717,980.8999125957489
20231213013508_ltxpn,20231213013508_ltxpn,2023-12-13 01:35:11,True,dtlz1,2,2,0,0,rate with one time change when fails,0.2,11,250,0.005884416094248937,0.001995474591177387,0.23258491640033974,871.6217334270477
20231214001439_wqew1,20231214001439_wqew1,2023-12-14 00:14:42,True,dtlz7,3,3,4,0,rate with one time change when fails,0.5,15,50,0.4795126155274671,0.03409081406082268,0.3631970737305524,44.559974193573
20231213084959_0ypvs,20231213084959_0ypvs,2023-12-13 08:50:01,True,dtlz1,2,2,4,0,rate with continuous change when fails,0.4,11,250,0.01320321286404873,0.0031765562973889152,0.22969671285082524,846.1329243183136
20231213044442_ilrtx,20231213044442_ilrtx,2023-12-13 04:44:45,True,dtlz1,2,2,0,1,rate with one time change when fails,0.2,11,250,0.00629446253263764,0.0020285374666218327,0.2325076663032497,984.4842212200165
20231214005916_g3nh7,20231214005916_g3nh7,2023-12-14 00:59:19,False,dtlz7,3,3,4,1,rate with one time change when fails,0.5,15,50,0.4626388086451862,8.85695010565237,0.4291087425126669,44.78873825073242
20231213113304_clyhe,20231213113304_clyhe,2023-12-13 11:33:06,True,dtlz1,2,2,4,1,rate with continuous change when fails,0.2,11,250,0.06219873162104159,0.009058939618574973,0.212184604469421,1057.4931106567383
20231130122053,20231130122053,,,dtlz1,2,3,2,,,,,250,0.03624745558934708,0.0030663040649029226,0.22144523365180518,778.6858565807343
20231214011152_xm2wt,20231214011152_xm2wt,2023-12-14 01:11:54,True,dtlz7,3,3,4,1,rate with one time change when fails,0.5,15,50,0.3837807202856567,3.448269363466724,0.41642452236191674,97.17073178291321
20231203190338_24148,20231203190338_24148,,,dtlz7,3,5,2,,,0.25,15,300,0.6777219424829526,0.02243319684836619,0.47468964595022556,1555.798134803772
20231213195031_s83cn,20231213195031_s83cn,2023-12-13 19:50:34,True,dtlz1,2,3,0,1,rate with one time change when fails,0.6,11,250,0.011058087908029552,0.0026259133748477935,0.23015909528620856,1077.2812418937683
20231205172207_25715,20231205172207_25715,,,dtlz4,3,3,2,,,0.5,15,50,0.5169879827356841,0.02102254900155855,0.3314815477531686,98.71555233001709
20231206001107_14829,20231206001107_14829,,,dtlz2,2,2,3,,,0.5,11,250,0.016499824324761075,0.00425359801055848,0.4022928111117167,1178.4481182098389
20231213053334_aedky,20231213053334_aedky,2023-12-13 05:33:37,True,dtlz1,2,2,0,1,rate with one time change when fails,0.4,11,250,0.007705255844545617,0.0018706110923387526,0.23193129393673914,987.3094818592072
20231203203308_6609,20231203203308_6609,,,dtlz7,3,5,2,,,0.0,15,300,0.798506420211128,0.016167251456972176,0.15444706831433996,609.8967559337616
20231213081159_vs5zz,20231213081159_vs5zz,2023-12-13 08:12:02,True,dtlz1,2,2,4,0,continuous change when fails,0.2,11,250,0.08165117073003382,0.014502158524350536,0.20250223443222654,1248.7641444206238
20231213193115_xsmi4,20231213193115_xsmi4,2023-12-13 19:31:20,True,dtlz1,2,3,0,1,continuous change when fails,0.4,11,250,0.009289838364407318,0.0028938526984505553,0.23097607877781215,1143.3181953430176
20231213130414_enwbt,20231213130414_enwbt,2023-12-13 13:04:16,True,dtlz1,2,2,4,1,rate with one time change when fails,0.6,11,250,0.011721884263707847,0.002121156621021498,0.23043959959398064,1183.8753788471222
20231204184621_7919,20231204184621_7919,,,dtlz4,2,2,2,,,0.5,11,300,0.010526604251877063,0.0037593243393777395,0.41387889049399673,1823.8212890625
20231213140213_r0k11,20231213140213_r0k11,2023-12-13 14:02:15,True,dtlz1,2,2,4,1,rate with one time change when fails,0.8,11,250,0.009982656933709384,0.0032729342005795993,0.23122056850718076,1049.0329580307007
20231130004227,,,,,,,,,,,,,0.2908962873128966,0.029172838973830353,0.12320728576020387,108.11540651321411
20231212151411_26497,20231212151411_26497,2023-12-12 15:14:16,False,dtlz7,3,3,4,0,no change,0.5,15,50,0.7880094504187024,0.07019600670032257,0.22684274179335423,74.46171021461487
20231130154054,20231130154054,,,dtlz1,3,5,2,,,,,250,0.24266806699614468,0.019669584980090662,0.1471674293116393,880.7003929615021
20231203152011_19066,20231203152011_19066,,,dtlz7,3,3,2,,,0.75,15,300,0.5811444929763229,0.005385349193796754,0.6178150815075468,591.3249599933624
20231206103317_14280,20231206103317_14280,,,dtlz6,3,3,3,,,0.5,15,250,0.24134780796919467,0.2666626013788817,0.02359170574198624,1410.216762304306
20231205220543_29149,20231205220543_29149,,,dtlz1,2,2,2,,,0.5,11,50,0.21203442824666932,0.011779013839268127,0.15666900378435078,112.50836300849915
20231206035948_22577,20231206035948_22577,,,dtlz4,3,3,2,,,0.5,15,250,0.13691459823874746,0.030741859762601697,0.6349528761766748,1587.7435898780823
20231203173221_21948,20231203173221_21948,,,dtlz7,3,3,2,,,0.5,15,300,0.3840678699519249,0.048624617866138614,0.5137137279123195,984.9731631278992
20231213103453_acuu0,20231213103453_acuu0,2023-12-13 10:34:55,True,dtlz1,2,2,4,0,rate with continuous change when fails,0.8,11,250,0.03603258956208528,0.0021114385345758096,0.22098279884098876,1107.0554702281952
20231214005529_j61ce,20231214005529_j61ce,2023-12-14 00:55:32,True,dtlz7,3,3,0,1,rate with one time change when fails,0.5,15,50,0.39659535334106766,0.014408607034002908,0.31362749718825644,133.65817379951477
20231214001330_tqrmv,20231214001330_tqrmv,2023-12-14 00:13:32,True,dtlz7,3,3,0,1,rate with one time change when fails,0.5,15,50,0.3514682693068224,3.3963287898270558,0.714385066088582,63.66661310195923
20231205233224_11444,20231205233224_11444,,,dtlz1,3,3,3,,,0.5,15,250,0.11788677656066075,0.019902273516549187,0.17496909875736535,1091.3606474399567
20231130143358,20231130143358,,,dtlz1,2,5,0,,,,,250,0.060697262993519276,0.2898359896111936,0.2060290718324686,804.0395174026489
20231213161552_32mo7,20231213161552_32mo7,2023-12-13 16:15:54,True,dtlz1,2,3,0,0,continuous change when fails,0.4,11,250,0.011901018041707245,0.0022276647801954797,0.23033839889004676,911.7359025478363
20231213090413_u6lim,20231213090413_u6lim,2023-12-13 09:04:16,True,dtlz1,2,2,4,0,continuous change when fails,0.4,11,250,0.039578492418940424,0.0017088492226691602,0.2193480945675605,1399.765375137329
20231213225147_bt3pb,20231213225147_bt3pb,2023-12-13 22:51:51,True,dtlz7,3,3,0,1,rate with one time change when fails,0.5,15,50,0.49287212089857857,7.068739432716268,0.40389629554931356,19.611136198043823
20231207104008_21854,20231207104008_21854,,,dtlz7,3,3,3,,,1.0,15,300,0.10129015528064286,0.013040252508208422,0.9847757158036873,1691.2032220363617
20231213014949_jsdpx,20231213014949_jsdpx,2023-12-13 01:49:51,True,dtlz1,2,2,0,0,rate with continuous change when fails,0.2,11,250,0.006962178523871614,0.0028952969229746606,0.2320739786171555,953.4361443519592
20231212150801_1813,20231212150801_1813,2023-12-12 15:08:06,False,dtlz7,3,3,4,0,no change,0.5,15,50,0.6964289597444463,0.004910051993251171,0.4284591881793935,50.424551010131836
20231213164800_ivxab,20231213164800_ivxab,2023-12-13 16:48:03,True,dtlz1,2,3,0,0,rate with continuous change when fails,0.6,11,250,0.012140512361159282,0.004791691604138233,0.22946028837027807,965.7658123970032
20231205172350_5692,20231205172350_5692,,,dtlz5,3,3,2,,,0.5,15,50,0.05622982647208211,0.013886183222396764,0.13538800497019504,86.69142484664917
20231213094509_ukup2,20231213094509_ukup2,2023-12-13 09:45:11,True,dtlz1,2,2,4,0,rate with continuous change when fails,0.6,11,250,0.018038428816370588,0.0024969831888181524,0.22781065612114806,837.5992248058319
20231214001624_ola1b,20231214001624_ola1b,2023-12-14 00:16:26,True,dtlz2,3,5,4,1,rate with continuous change when fails,0.4,15,250,0.12706535181933573,0.04043035395130886,0.6312671601041384,1539.8591821193695
20231207113952_16658,20231207113952_16658,,,dtlz7,3,3,3,,,1.0,15,300,0.07439285635799207,0.052699456067907054,1.0775891636746597,1598.960396528244
20231213202328_94e84,20231213202328_94e84,2023-12-13 20:23:30,True,dtlz1,2,3,0,1,continuous change when fails,0.6,11,250,0.014422573546981699,0.002440947503001349,0.2289803476846482,1041.0111300945282
20231213134247_tzc0a,20231213134247_tzc0a,2023-12-13 13:42:50,True,dtlz1,2,2,4,1,continuous change when fails,0.6,11,250,0.030748997363381773,0.002440611157813794,0.22227342480917134,1156.7154729366302
20231206003054_18231,20231206003054_18231,,,dtlz2,2,2,2,,,0.5,11,250,0.007909356241810977,0.0043293021220440885,0.4146226418489982,1123.488043308258
20231201002411_5866,20231201002411_5866,,,dtlz7,3,5,2,,,,,250,0.7453440973054812,0.0014657392432340336,0.3647644323118967,1461.9076902866364
20231214105302_7ay38,20231214105302_7ay38,2023-12-14 10:53:05,True,dtlz4,2,3,4,0,rate with continuous change when fails,0.2,11,250,0.033868634674890055,0.008607171169771003,0.3771169887818977,1677.9011363983154
20231207010925_14640,20231207010925_14640,,,dtlz7,3,3,3,,,0.9,15,300,0.2981144304416643,0.00832126297673759,0.720985818815087,2739.461089372635
20231212145250_4790,20231212145250_4790,2023-12-12 14:52:54,False,dtlz7,3,3,4,0,no change,0.5,15,50,0.49346196531996034,5.796549772248891,0.43381758217087524,111.15849351882935
20231213050115_499nh,20231213050115_499nh,2023-12-13 05:01:18,True,dtlz1,2,2,0,1,rate with continuous change when fails,0.2,11,250,0.00585404803321242,0.0020921306463334024,0.23271216413804677,993.2223029136658
20231206175629_4411,20231206175629_4411,,,dtlz7,3,3,3,,,0.7,15,300,0.45237840982029226,0.05962844154048275,0.46523397354021295,1088.9723827838898
20231130164524,20231130164524,,,dtlz1,3,10,2,,,,,500,0.09292706831686849,0.1781487232958117,0.17828724007009347,3299.9812836647034
20231205235043_18462,20231205235043_18462,,,dtlz1,3,3,2,,,0.5,15,250,0.06855360458278345,0.10822810603856199,0.1852125050454357,1215.4474036693573
20231213191433_3rct1,20231213191433_3rct1,2023-12-13 19:14:36,True,dtlz1,2,3,0,1,rate with continuous change when fails,0.4,11,250,0.05138119106749459,0.0018872335186073893,0.21571770673468887,991.6487658023834
20231213062222_g7466,20231213062222_g7466,2023-12-13 06:22:24,True,dtlz1,2,2,0,1,rate with continuous change when fails,0.6,11,250,0.00584504483041355,0.012630085474429852,0.2308331812597185,948.5947873592377
20231213041243_g1vyk,20231213041243_g1vyk,2023-12-13 04:12:45,True,dtlz1,2,2,0,0,rate with continuous change when fails,0.8,11,250,0.007375803328344991,0.002017009488306788,0.23191533110614598,929.4131548404694
20231213225447_2w67n,20231213225447_2w67n,2023-12-13 22:54:50,True,dtlz1,2,3,4,0,continuous change when fails,0.4,11,250,0.13360587903152304,0.005470953251637855,0.17485241593528075,1080.3559217453003
20231205231325_1777,20231205231325_1777,,,dtlz1,2,2,2,,,0.5,11,250,0.012116377440179307,0.0020615522462989018,0.23035134758958298,1130.2270023822784
20231201132250_23668,20231201132250_23668,,,dtlz7,3,3,2,,,,15,500,0.28584090348748015,0.0071856453356906585,0.8417797755049081,1409.8013820648193
20231214003737_pcozn,20231214003737_pcozn,2023-12-14 00:37:40,True,dtlz7,3,3,4,0,rate with one time change when fails,0.5,15,50,0.5073910698116285,0.04625163548516225,0.5925736840684946,80.08132553100586
20231205205710_2833,20231205205710_2833,,,dtlz7,5,5,2,,,0.5,30,70,0.6424196183738623,15.169083614164597,0.3852493032465193,55.73179316520691
20231205204506_22971,20231205204506_22971,,,dtlz2,5,5,2,,,0.5,30,70,0.32933125536869146,0.09361188318028316,0.7491883344868989,160.13078117370605
20231213122631_uis90,20231213122631_uis90,2023-12-13 12:26:33,True,dtlz1,2,2,4,1,rate with continuous change when fails,0.4,11,250,0.022911158596912645,0.0017033399739031267,0.22639522504341822,1231.1178708076477
20231213235525_2qr6w,20231213235525_2qr6w,2023-12-13 23:55:27,True,dtlz7,3,3,0,0,rate with one time change when fails,0.5,15,50,0.25903030390614395,0.06744518151277616,0.5350039019810467,134.95062112808228
20231213022134_6cwkh,20231213022134_6cwkh,2023-12-13 02:21:37,True,dtlz1,2,2,0,0,rate with one time change when fails,0.4,11,250,0.005865973468848581,0.004298170659637976,0.2325872024399068,947.1556894779205
20231214005748_r6cmc,20231214005748_r6cmc,2023-12-14 00:57:51,True,dtlz7,3,3,4,0,rate with one time change when fails,0.5,15,50,0.24765584439761051,0.4322383125911852,0.5910054136705924,82.1633882522583
